video_id,title_score,comments_score,alignment_score,comment_count
k880BupY5z4,0.8126,-0.0001,0.1873,1000
CjRTs8xU3uE,0.6124,0.0002,0.3878,1000
So1pJs_35f8,0.5574,0.0003,0.4429,151
ajb7-RKe93M,-0.4973,0.0001,0.5026,1000
kmMvUYCK2Xw,0.296,-0.0001,0.7039,362
uonbO_Tn2Xo,0.5574,0.0001,0.4427,246
l3b5d0BH4RM,0.5574,0.0002,0.4428,272
aIGNtrTDjQo,0.5574,-0.0,0.4426,848
FTRtj3ruyBw,0.6249,-0.0021,0.373,68
j5KevwfkOo0,0.5574,0.0014,0.444,75
1sjJWnC20tk,0.6249,0.0001,0.3752,1000
qRFTd4KNmvY,0.5574,0.0003,0.4429,244
fqyGzvu4uZU,0.5574,0.0,0.4426,759
3VeSkkrGRKw,0.5574,0.0005,0.4431,28
eGkjoWhsjbU,0.6249,0.0021,0.3772,44
RANzxlax6K4,0.5574,0.0,0.4426,513
nV5GuCQsFDM,0.6249,0.0,0.3751,1000
H8IuGm3PDkA,0.8637,0.0005,0.1368,154
aqNjR-XvpNA,0.25,0.0004,0.7504,1000
aVvVtL19wlo,0.6369,-0.0004,0.3627,59
ta0H-ESCinw,0.5574,0.0,0.4426,295
KAeuAkGWfbI,0.5574,0.0,0.4426,1000
uHt3D4iA2ko,0.5574,0.0,0.4426,646
6OyOKCDYKjs,0.5574,0.0001,0.4427,1000
dCsJms0TnGA,0.3182,,,0
NjPvVMKOjLg,0.5574,0.0,0.4426,726
zbHS0bau0uY,0.5574,0.0001,0.4427,447
UFYjClHHIDg,0.5994,0.0,0.4006,257
YamGdmO5Yok,0.5574,0.0001,0.4427,95
9PU8TiOWvg8,0.0772,0.0004,0.9232,217
TGQTEl6bazY,0.5574,0.0,0.4426,486
aBJM-TSiTb4,0.5574,0.0,0.4426,869
T-B6bo1bRZw,0.5574,0.0,0.4426,261
wTKAS0wdksk,0.5574,-0.0001,0.4425,1000
YbDL9xDfF9c,0.128,,,0
WcM1mVymJLY,0.001,0.0,0.999,121
L3P3XX0fbu8,0.0,0.0,1.0,865
BFD28i3-B-M,-0.0762,,,0
u8iUeAZhthU,0.5574,0.0007,0.4433,119
9VlbQOorrQI,-0.1531,0.0005,0.8464,188
F4I8tWkM4Ik,0.5574,0.0,0.4426,70
Sg-FkTWhbYI,0.4019,0.0,0.5981,201
m7pug5QtzH8,0.5574,0.0003,0.4429,151
ogm_eCoqJPI,0.5574,0.0001,0.4427,415
OMvqVhsy8IM,-0.8345,-0.0004,0.1659,1000
5pQhMAWz6Ao,0.873,0.0001,0.1271,493
hkdhs87hsyU,0.7925,0.0001,0.2076,106
Q2Aw6mzOwDY,0.5574,,,0
9y2N5pXsctM,0.5574,0.0,0.4426,153
EJvQRSLHObE,0.3818,0.0,0.6182,186
9y2N5pXsctM,0.5574,0.0,0.4426,153
Aj_9Z5zwJdQ,0.0,0.0012,0.9988,58
dk_H4pQB-y0,0.0,0.0002,0.9998,401
9fif1QQOW7Y,0.5574,0.0,0.4426,897
dhRKIZi60NI,0.0,0.0003,0.9997,102
X06aACW3504,0.5267,0.0,0.4733,470
sOmFEQV1mVw,0.5994,-0.0002,0.4004,175
yFWllM8uJA0,0.5574,0.0,0.4426,111
kWWPdrubp_Y,0.873,0.0,0.127,64
E3l6t4tm1gE,0.5574,0.0,0.4426,373
fv4m9goxdYU,0.1759,-0.0015,0.8226,42
AtmvE8GD2eQ,-0.4939,0.0001,0.506,604
iwfuLapguqo,0.5994,-0.0009,0.3997,133
kJhHy_R4xmQ,0.5574,,,0
9wOVxsdf0E4,0.5574,,,0
rAZlXIhpWZk,0.636,0.0,0.364,171
QSgPGY2aOcI,0.6124,-0.0004,0.3872,292
rXvUr9oQUz0,0.5574,0.0,0.4426,424
XhyeU9ZD5zc,0.0,0.0,1.0,903
nxqdqPr20eQ,-0.25,0.0,0.75,310
tmP0YbpQJTU,0.0,,,0
KB_DH3K5GJk,0.5267,0.0,0.4733,181
DDErytGWXuA,0.5574,0.0,0.4426,98
NRALjimAcOc,0.0,-0.0,1.0,918
JCjdYph4BV8,0.5994,0.0007,0.4013,104
S7VHCP1LfTk,0.5574,0.0003,0.4429,281
QE8UDqAm29o,0.5113,0.0,0.4887,26
3bTr-gcef-M,0.5574,0.0,0.4426,32
OYzvYIrfpUA,0.5574,-0.0017,0.4409,38
FnZf-TGynDw,0.7378,-0.0001,0.2621,400
5qUONJAnQy8,0.0,,,0
you5Ks2w5KQ,0.7324,0.0,0.2676,162
rInklVKP6QY,0.5267,0.0042,0.4775,39
GocWnMlZXgE,0.5983,0.0,0.4017,537
9JUiE5xctR8,0.5113,0.0005,0.4892,156
bOkLi-EuuhY,-0.25,0.0001,0.7499,980
XZxA4K6VZYw,0.5574,,,0
-AahoLHNgC0,0.5994,0.0,0.4006,132
_Y3jPys169E,0.6249,0.0004,0.3755,82
iCCoAPv2DDU,0.5574,0.0102,0.4528,24
Xz0P50wqtGk,0.7378,-0.311,-0.0488,1
EoeTYNwr2Vw,0.5574,0.0021,0.4447,31
-ma6vjwv7tE,0.5574,-0.0003,0.4423,193
GfeH5nuqLcQ,0.5574,,,0
wWoyyl0EZEg,0.5574,0.0001,0.4427,64
EZi5CSvili0,0.5574,-0.0002,0.4424,415
vGijT6JOjEY,0.6597,,,0
P6abnKtBsmw,-0.1531,-0.0001,0.847,542
XxHtbTragtg,0.0,,,0
t7UYGRv3-lA,0.3182,-0.0069,0.6749,29
-h4iSDXhrto,0.5574,0.0,0.4426,82
ynL4xONupb8,0.5574,0.0,0.4426,196
lWIa6PCFHgI,0.1779,0.0,0.8221,918
WwtVlVRhCac,0.5574,,,0
Fv_rXdqFp-Q,0.5574,0.0004,0.443,217
QuzgHD8ZvIo,0.5574,0.0007,0.4433,153
a3kL_K13LaQ,0.5994,0.0,0.4006,161
HRhc0JR9rLU,0.5574,0.0,0.4426,139
2D1PZAIeiZo,0.5574,0.0,0.4426,107
4-4LsmJ9Un4,0.765,0.0,0.235,852
9erX_eJNbgE,0.129,0.0,0.871,21
UfT7iVV3dxg,0.5574,0.0,0.4426,829
um2aNRpEUyE,-0.3664,0.0002,0.6334,391
OMihq3AFjdY,0.5574,0.0002,0.4428,225
DR9H6QOWu7s,0.5574,-0.0004,0.4422,248
FvsO2CthhtE,0.2023,0.0,0.7977,228
oRfRTvvcNW8,0.5574,0.0,0.4426,77
G8IB3R_qJhg,-0.0762,0.0013,0.9225,37
Y6chtuQQjw8,0.3818,0.0004,0.6186,87
IZjrPFmfKZI,0.5574,,,0
gJAfdwHIY98,0.5574,0.0,0.4426,25
0HLLF-JDiMI,0.0,0.0001,0.9999,453
eupCh66p5Dc,0.4504,0.0179,0.5675,5
zaNuKupYdkY,0.5349,-0.0674,0.3977,2
LJmsng10vaA,0.0,0.0037,0.9963,41
FaIS-8SH4Rw,0.3818,-0.0001,0.6181,329
PXssGRLqbI8,0.5574,0.0,0.4426,61
_-HIgfQVoe0,0.7906,-0.0002,0.2092,311
d_TPvRSEzYc,-0.2263,0.0,0.7737,560
Y5YFR7L_JdU,0.3182,0.0014,0.6832,38
-52ElKKtxx0,0.7096,0.0,0.2904,167
Xl0T4L-OPNU,0.0,0.0008,0.9992,179
zbHBDWRy3XM,0.5574,0.0,0.4426,29
sM8-uwppvkQ,0.3612,0.0,0.6388,141
6KQM33ptkSw,0.0,,,0
oEBeK4ig6Iw,0.1779,0.0,0.8221,44
yb-ThsYt3Lo,0.5574,-0.0022,0.4404,42
z_Ny5joRL1Q,0.636,0.0,0.364,1000
5Jw66U58Sf8,0.3034,-0.0001,0.6965,223
5vVX6cLUtiQ,0.0,0.0003,0.9997,1000
HszAB2hylrY,0.5574,,,0
sPLj1Z65Vv8,0.6249,0.0027,0.3778,51
W5iOeBLfekg,0.6249,,,0
EtCmi-04Ksw,0.5574,-0.0001,0.4425,329
d5nzPwu_2pw,0.5574,0.0,0.4426,217
pW4rslOAHy0,0.0,-0.0004,0.9996,248
2D4aLYQ6cvQ,0.0,0.0,1.0,369
sUIfoaduzYY,0.0,0.0,1.0,520
TITtj1myHgE,-0.5574,0.0002,0.4424,191
TkkHsrB_3gI,0.6597,0.0259,0.3662,9
B6X8OzwGElw,0.5574,0.0027,0.4453,43
kWP4tLMwaK8,0.5574,-0.3324,0.1102,2
274jq3wb220,0.4151,-0.0001,0.5848,453
aAvqewmkn8c,0.5994,0.0,0.4006,285
W982HZTxWe8,0.5574,0.0064,0.449,17
mM1w_hKbuiE,0.0,-0.0016,0.9984,49
tow8PVwUCXg,0.3818,0.0,0.6182,41
TNaUXHiJ83A,0.5574,0.0129,0.4555,9
-C-B04W5ug8,0.5574,-0.001,0.4416,135
qfvKlRDK3BE,0.8126,0.0,0.1874,846
sVopR0a78OM,0.743,,,0
jwYCMKiuWnM,-0.0762,0.0004,0.9234,91
ra3N-0IFamw,0.128,-0.0927,0.7793,4
dI3ph-UqjbE,0.0,,,0
LoguJGozlm0,-0.0688,0.0001,0.9311,355
V6k6NAyyj4s,0.3818,,,0
rsLMqv40Hnw,0.5574,0.0047,0.4473,47
xeJXmt4H2FU,0.5574,,,0
wU8iKQyS-eg,0.5574,0.0,0.4426,442
BRg3t7KINzw,-0.5719,-0.0001,0.4282,1000
6NqwAb-NdSg,-0.4767,,,0
t7GPkBwR_Fk,0.5574,-0.923,-0.4804,1
2FsbYQ2bo94,0.5983,0.0003,0.402,1000
ZKLr_xSOlBc,0.5574,0.0,0.4426,786
nm5wq1GkYnE,0.4939,-0.0004,0.5057,203
YMsLJO3qcng,0.5574,0.0,0.4426,5
82VZWjR_H-Y,0.5574,0.0193,0.4619,4
RcPnYrQye7I,0.5574,,,0
SxStDsNzflk,0.5983,0.0,0.4017,140
HNUBzyUnHp4,0.1531,-0.0014,0.8455,59
BBzLQuAKOtE,0.5574,,,0
p7-pimXNmzs,0.2023,0.0003,0.798,125
lA9DwiXnl1k,0.5574,-0.0001,0.4425,422
s0xCgpxd9C4,0.6249,-0.0017,0.3734,27
wetQq_5DMCk,0.7717,-0.0,0.2283,358
vQJfudayK30,0.6369,0.055,0.4181,8
PF29PwPZlyU,0.0,0.0001,0.9999,280
rkh801J5Uns,0.2023,0.0,0.7977,25
o1cftZ4rmY8,-0.2942,-0.0001,0.7059,303
On3lOB2PEy8,0.5994,,,0
yuRvsOgRgLc,0.5574,0.0005,0.4431,254
ipHhiwRtgUQ,0.5574,0.4019,0.8445,1
QrSKxarOXGU,-0.25,0.033,0.717,12
96fMHoGUbSc,0.6249,0.0,0.3751,263
4YLMJRHKMpE,0.5574,0.0,0.4426,159
bR4TWXCIz0c,0.5574,0.0,0.4426,2
uQHJmtYsAOE,-0.636,-0.0001,0.3641,1000
ijhV2GsJK5M,-0.4019,-0.0003,0.5984,206
Zdv2ioHqf1o,0.5568,0.0001,0.4433,1000
VOddBguLL5I,0.0,0.0001,0.9999,531
